<?xml version="1.0" encoding="UTF-8"?>
<project-private xmlns="http://www.netbeans.org/ns/project-private/1">
    <editor-bookmarks xmlns="http://www.netbeans.org/ns/editor-bookmarks/2" lastBookmarkId="0"/>
    <open-files xmlns="http://www.netbeans.org/ns/projectui-open-files/2">
        <group>
            <file>file:/C:/xampp/htdocs/G11_MELODYMAVENSOCIETY/php/mms_run.php</file>
            <file>file:/C:/xampp/htdocs/G11_MELODYMAVENSOCIETY/php/update.php</file>
            <file>file:/C:/xampp/htdocs/G11_MELODYMAVENSOCIETY/php/viewprofile.php</file>
            <file>file:/C:/xampp/htdocs/G11_MELODYMAVENSOCIETY/php/manage_booking.php</file>
            <file>file:/C:/xampp/htdocs/G11_MELODYMAVENSOCIETY/php/userregister.php</file>
            <file>file:/C:/xampp/htdocs/G11_MELODYMAVENSOCIETY/php/headerlogout.php</file>
            <file>file:/C:/xampp/htdocs/G11_MELODYMAVENSOCIETY/php/helper.php</file>
            <file>file:/C:/xampp/htdocs/G11_MELODYMAVENSOCIETY/php/upload.php</file>
            <file>file:/C:/xampp/htdocs/G11_MELODYMAVENSOCIETY/php/homepage.php</file>
            <file>file:/C:/xampp/htdocs/G11_MELODYMAVENSOCIETY/php/user_details2.php</file>
            <file>file:/C:/xampp/htdocs/G11_MELODYMAVENSOCIETY/php/uploads.php</file>
            <file>file:/C:/xampp/htdocs/G11_MELODYMAVENSOCIETY/php/footer.php</file>
            <file>file:/C:/xampp/htdocs/G11_MELODYMAVENSOCIETY/php/search.php</file>
            <file>file:/C:/xampp/htdocs/G11_MELODYMAVENSOCIETY/php/footer1.php</file>
            <file>file:/C:/xampp/htdocs/G11_MELODYMAVENSOCIETY/php/user_comment.php</file>
            <file>file:/C:/xampp/htdocs/G11_MELODYMAVENSOCIETY/php/musiccompetition.php</file>
            <file>file:/C:/xampp/htdocs/G11_MELODYMAVENSOCIETY/php/process_update.php</file>
            <file>file:/C:/xampp/htdocs/G11_MELODYMAVENSOCIETY/php/login.php</file>
            <file>file:/C:/xampp/htdocs/G11_MELODYMAVENSOCIETY/php/userevent.php</file>
            <file>file:/C:/xampp/htdocs/G11_MELODYMAVENSOCIETY/php/musiclecture.php</file>
            <file>file:/C:/xampp/htdocs/G11_MELODYMAVENSOCIETY/php/user_delete.php</file>
            <file>file:/C:/xampp/htdocs/G11_MELODYMAVENSOCIETY/php/terms_condition.php</file>
            <file>file:/C:/xampp/htdocs/G11_MELODYMAVENSOCIETY/php/homelogout.php</file>
            <file>file:/C:/xampp/htdocs/G11_MELODYMAVENSOCIETY/php/payment.php</file>
            <file>file:/C:/xampp/htdocs/G11_MELODYMAVENSOCIETY/php/admin_header2.php</file>
            <file>file:/C:/xampp/htdocs/G11_MELODYMAVENSOCIETY/php/about_us.php</file>
            <file>file:/C:/xampp/htdocs/G11_MELODYMAVENSOCIETY/php/headeradmin.php</file>
            <file>file:/C:/xampp/htdocs/G11_MELODYMAVENSOCIETY/php/headermember.php</file>
            <file>file:/C:/xampp/htdocs/G11_MELODYMAVENSOCIETY/php/admin_update.php</file>
            <file>file:/C:/xampp/htdocs/G11_MELODYMAVENSOCIETY/php/user_details.php</file>
        </group>
    </open-files>
</project-private>
